{
  "name": "langmuir_loading_sweep",
  "timestamp": "2026-02-07T12:53:31",
  "results": [
    {
      "c_feed": 0.5,
      "loading_ratio": 0.05,
      "loading_class": "A",
      "n_iterations": 2,
      "converged": true,
      "wall_time_us": 55478.021007729694,
      "strategy": "relinearization+anderson",
      "final_residual": 1.7476221469402506e-11,
      "final_contraction": 9.092872609275235e-10,
      "delta_F0": 3.843518758817055e-08,
      "mu1_numerical": 362.4065742927611,
      "mu1_theoretical": 384.3513513513513,
      "delta_mu1": 0.05709561572096461,
      "l2_error_vs_cadet": 0.007289225119913785,
      "rmse_vs_cadet": 0.0031316892397094858,
      "linf_vs_cadet": 0.01379234930818049,
      "l2_error_linear": 0.045234778675709596
    },
    {
      "c_feed": 1.0,
      "loading_ratio": 0.1,
      "loading_class": "B",
      "n_iterations": 2,
      "converged": true,
      "wall_time_us": 51738.3289989084,
      "strategy": "relinearization+anderson",
      "final_residual": 5.794037540882481e-11,
      "final_contraction": 8.029111731462925e-10,
      "delta_F0": 3.843518758817055e-08,
      "mu1_numerical": 344.02053769811806,
      "mu1_theoretical": 384.3513513513513,
      "delta_mu1": 0.10493215000138034,
      "l2_error_vs_cadet": 0.016978935194974804,
      "rmse_vs_cadet": 0.014732290946533324,
      "linf_vs_cadet": 0.06868375633222312,
      "l2_error_linear": 0.08491997239568258
    },
    {
      "c_feed": 2.5,
      "loading_ratio": 0.25,
      "loading_class": "B",
      "n_iterations": 2,
      "converged": true,
      "wall_time_us": 53626.52099574916,
      "strategy": "relinearization+anderson",
      "final_residual": 1.2873138985802028e-10,
      "final_contraction": 3.4593661392720466e-10,
      "delta_F0": 3.843518758817055e-08,
      "mu1_numerical": 301.4805511075621,
      "mu1_theoretical": 384.3513513513513,
      "delta_mu1": 0.2156120954236833,
      "l2_error_vs_cadet": 0.036622660802079876,
      "rmse_vs_cadet": 0.08104270672355962,
      "linf_vs_cadet": 0.44854730458897357,
      "l2_error_linear": 0.17516363955830971
    },
    {
      "c_feed": 5.0,
      "loading_ratio": 0.5,
      "loading_class": "C",
      "n_iterations": 2,
      "converged": true,
      "wall_time_us": 56116.07598257251,
      "strategy": "relinearization+anderson",
      "final_residual": 1.254556629990967e-09,
      "final_contraction": 1.1300603972586511e-09,
      "delta_F0": 3.843518758817055e-08,
      "mu1_numerical": 256.8621726737667,
      "mu1_theoretical": 384.3513513513513,
      "delta_mu1": 0.33169957183535836,
      "l2_error_vs_cadet": 0.055344963953275525,
      "rmse_vs_cadet": 0.24941649823910275,
      "linf_vs_cadet": 1.5857444111177994,
      "l2_error_linear": 0.26128510415112827
    },
    {
      "c_feed": 10.0,
      "loading_ratio": 1.0,
      "loading_class": "C",
      "n_iterations": 2,
      "converged": true,
      "wall_time_us": 56297.31999943033,
      "strategy": "relinearization+anderson",
      "final_residual": 3.5150975884548256e-09,
      "final_contraction": 1.2385863049889194e-09,
      "delta_F0": 3.843518758817055e-08,
      "mu1_numerical": 212.49730778252717,
      "mu1_theoretical": 384.3513513513513,
      "delta_mu1": 0.44712746023813327,
      "l2_error_vs_cadet": 0.07243377465113572,
      "rmse_vs_cadet": 0.6637396924156586,
      "linf_vs_cadet": 4.648800722027296,
      "l2_error_linear": 0.333969767514631
    },
    {
      "c_feed": 20.0,
      "loading_ratio": 2.0,
      "loading_class": "C",
      "n_iterations": 2,
      "converged": true,
      "wall_time_us": 52949.14700789377,
      "strategy": "relinearization+anderson",
      "final_residual": 1.318978577904169e-08,
      "final_contraction": 2.0502186507956757e-09,
      "delta_F0": 3.843518758817055e-08,
      "mu1_numerical": 180.8081186081356,
      "mu1_theoretical": 384.3513513513513,
      "delta_mu1": 0.5295759518668858,
      "l2_error_vs_cadet": 0.07578527376446632,
      "rmse_vs_cadet": 1.4060231885545085,
      "linf_vs_cadet": 10.576232578429696,
      "l2_error_linear": 0.3785328787826998
    }
  ],
  "summary": {
    "n_cases": 6,
    "converged": 6,
    "avg_iterations": 2.0,
    "avg_wall_time_us": 54367.56899871398,
    "ka": 1.0,
    "kd": 5.0,
    "qmax": 10.0
  }
}